,undefined,undefined,undefined,undefined,undefined
201,gogon,asdf,gogon@gmail.com,987654321,Wed Sep 27 2017 17:38:46 GMT+0700 (WIB)
,undefined,undefined,undefined,undefined,undefined
201,gogon,asdf,gogon@gmail.com,987654321,Wed Sep 27 2017 17:38:46 GMT+0700 (WIB)
,undefined,undefined,undefined,undefined,undefined
201,gogon,asdf,gogon@gmail.com,987654321,Wed Sep 27 2017 17:38:46 GMT+0700 (WIB)
,undefined,undefined,undefined,undefined,undefined
201,gogon,asdf,gogon@gmail.com,987654321,Wed Sep 27 2017 17:38:46 GMT+0700 (WIB)
,undefined,undefined,undefined,undefined,undefined
201,gogon,asdf,gogon@gmail.com,987654321,Wed Sep 27 2017 17:38:46 GMT+0700 (WIB)
,undefined,undefined,undefined,undefined,undefined
201,gogon,asdf,gogon@gmail.com,987654321,Wed Sep 27 2017 17:38:46 GMT+0700 (WIB)
,undefined,undefined,undefined,undefined,undefined
201,gogon,asdf,gogon@gmail.com,987654321,Wed Sep 27 2017 17:38:46 GMT+0700 (WIB)
,undefined,undefined,undefined,undefined,undefined
201,gogon,asdf,gogon@gmail.com,987654321,Wed Sep 27 2017 17:38:46 GMT+0700 (WIB)
,undefined,undefined,undefined,undefined,undefined
201,gogon,asdf,gogon@gmail.com,987654321,Wed Sep 27 2017 17:38:46 GMT+0700 (WIB)
,undefined,undefined,undefined,undefined,undefined
201,gogon,asdf,gogon@gmail.com,987654321,Wed Sep 27 2017 17:38:46 GMT+0700 (WIB)
,undefined,undefined,undefined,undefined,undefined
201,gogon,asdf,gogon@gmail.com,987654321,Wed Sep 27 2017 17:38:47 GMT+0700 (WIB)
,undefined,undefined,undefined,undefined,undefined
201,gogon,asdf,gogon@gmail.com,987654321,Wed Sep 27 2017 17:38:47 GMT+0700 (WIB)
,undefined,undefined,undefined,undefined,undefined
201,gogon,asdf,gogon@gmail.com,987654321,Wed Sep 27 2017 17:38:47 GMT+0700 (WIB)
,undefined,undefined,undefined,undefined,undefined
201,gogon,asdf,gogon@gmail.com,987654321,Wed Sep 27 2017 17:38:47 GMT+0700 (WIB)
,undefined,undefined,undefined,undefined,undefined
201,gogon,asdf,gogon@gmail.com,987654321,Wed Sep 27 2017 17:38:47 GMT+0700 (WIB)
,undefined,undefined,undefined,undefined,undefined
201,gogon,asdf,gogon@gmail.com,987654321,Wed Sep 27 2017 17:38:47 GMT+0700 (WIB)
,undefined,undefined,undefined,undefined,undefined
201,gogon,asdf,gogon@gmail.com,987654321,Wed Sep 27 2017 17:38:47 GMT+0700 (WIB)
,undefined,undefined,undefined,undefined,undefined
201,gogon,asdf,gogon@gmail.com,987654321,Wed Sep 27 2017 17:38:47 GMT+0700 (WIB)
,undefined,undefined,undefined,undefined,undefined
201,gogon,asdf,gogon@gmail.com,987654321,Wed Sep 27 2017 17:38:47 GMT+0700 (WIB)
,undefined,undefined,undefined,undefined,undefined
201,gogon,asdf,gogon@gmail.com,987654321,Wed Sep 27 2017 17:38:47 GMT+0700 (WIB)
,undefined,undefined,undefined,undefined,undefined
201,gogon,asdf,gogon@gmail.com,987654321,Wed Sep 27 2017 17:38:48 GMT+0700 (WIB)
,undefined,undefined,undefined,undefined,undefined
201,gogon,asdf,gogon@gmail.com,987654321,Wed Sep 27 2017 17:38:48 GMT+0700 (WIB)
,undefined,undefined,undefined,undefined,undefined
201,gogon,asdf,gogon@gmail.com,987654321,Wed Sep 27 2017 17:38:48 GMT+0700 (WIB)
,undefined,undefined,undefined,undefined,undefined
201,gogon,asdf,gogon@gmail.com,987654321,Wed Sep 27 2017 17:38:48 GMT+0700 (WIB)
,undefined,undefined,undefined,undefined,undefined
201,gogon,asdf,gogon@gmail.com,987654321,Wed Sep 27 2017 17:38:48 GMT+0700 (WIB)
,undefined,undefined,undefined,undefined,undefined
201,gogon,asdf,gogon@gmail.com,987654321,Wed Sep 27 2017 17:38:48 GMT+0700 (WIB)
,undefined,undefined,undefined,undefined,undefined
201,gogon,asdf,gogon@gmail.com,987654321,Wed Sep 27 2017 17:38:48 GMT+0700 (WIB)
,undefined,undefined,undefined,undefined,undefined
201,gogon,asdf,gogon@gmail.com,987654321,Wed Sep 27 2017 17:38:48 GMT+0700 (WIB)
,undefined,undefined,undefined,undefined,undefined
201,gogon,asdf,gogon@gmail.com,987654321,Wed Sep 27 2017 17:38:48 GMT+0700 (WIB)
,undefined,undefined,undefined,undefined,undefined
201,gogon,asdf,gogon@gmail.com,987654321,Wed Sep 27 2017 17:38:48 GMT+0700 (WIB)
,undefined,undefined,undefined,undefined,undefined
201,gogon,asdf,gogon@gmail.com,987654321,Wed Sep 27 2017 17:38:49 GMT+0700 (WIB)
,undefined,undefined,undefined,undefined,undefined
201,gogon,asdf,gogon@gmail.com,987654321,Wed Sep 27 2017 17:38:49 GMT+0700 (WIB)
,undefined,undefined,undefined,undefined,undefined
201,gogon,asdf,gogon@gmail.com,987654321,Wed Sep 27 2017 17:38:49 GMT+0700 (WIB)
,undefined,undefined,undefined,undefined,undefined
201,gogon,asdf,gogon@gmail.com,987654321,Wed Sep 27 2017 17:38:49 GMT+0700 (WIB)
,undefined,undefined,undefined,undefined,undefined
201,gogon,asdf,gogon@gmail.com,987654321,Wed Sep 27 2017 17:38:49 GMT+0700 (WIB)
,undefined,undefined,undefined,undefined,undefined
201,gogon,asdf,gogon@gmail.com,987654321,Wed Sep 27 2017 17:38:49 GMT+0700 (WIB)
,undefined,undefined,undefined,undefined,undefined
201,gogon,asdf,gogon@gmail.com,987654321,Wed Sep 27 2017 17:38:49 GMT+0700 (WIB)
,undefined,undefined,undefined,undefined,undefined
201,gogon,asdf,gogon@gmail.com,987654321,Wed Sep 27 2017 17:38:49 GMT+0700 (WIB)
,undefined,undefined,undefined,undefined,undefined
201,gogon,asdf,gogon@gmail.com,987654321,Wed Sep 27 2017 17:38:49 GMT+0700 (WIB)
,undefined,undefined,undefined,undefined,undefined
201,gogon,asdf,gogon@gmail.com,987654321,Wed Sep 27 2017 17:38:49 GMT+0700 (WIB)
,undefined,undefined,undefined,undefined,undefined
201,gogon,asdf,gogon@gmail.com,987654321,Wed Sep 27 2017 17:38:50 GMT+0700 (WIB)
,undefined,undefined,undefined,undefined,undefined
201,gogon,asdf,gogon@gmail.com,987654321,Wed Sep 27 2017 17:38:50 GMT+0700 (WIB)
,undefined,undefined,undefined,undefined,undefined
201,gogon,asdf,gogon@gmail.com,987654321,Wed Sep 27 2017 17:38:50 GMT+0700 (WIB)
,undefined,undefined,undefined,undefined,undefined
201,gogon,asdf,gogon@gmail.com,987654321,Wed Sep 27 2017 17:38:50 GMT+0700 (WIB)
,undefined,undefined,undefined,undefined,undefined
201,gogon,asdf,gogon@gmail.com,987654321,Wed Sep 27 2017 17:38:50 GMT+0700 (WIB)
,undefined,undefined,undefined,undefined,undefined
201,gogon,asdf,gogon@gmail.com,987654321,Wed Sep 27 2017 17:38:50 GMT+0700 (WIB)
,undefined,undefined,undefined,undefined,undefined
201,gogon,asdf,gogon@gmail.com,987654321,Wed Sep 27 2017 17:38:50 GMT+0700 (WIB)
,undefined,undefined,undefined,undefined,undefined
201,gogon,asdf,gogon@gmail.com,987654321,Wed Sep 27 2017 17:38:50 GMT+0700 (WIB)
,undefined,undefined,undefined,undefined,undefined
201,gogon,asdf,gogon@gmail.com,987654321,Wed Sep 27 2017 17:38:50 GMT+0700 (WIB)
,undefined,undefined,undefined,undefined,undefined
201,gogon,asdf,gogon@gmail.com,987654321,Wed Sep 27 2017 17:38:50 GMT+0700 (WIB)
,undefined,undefined,undefined,undefined,undefined
201,gogon,asdf,gogon@gmail.com,987654321,Wed Sep 27 2017 17:38:51 GMT+0700 (WIB)
,undefined,undefined,undefined,undefined,undefined
201,gogon,asdf,gogon@gmail.com,987654321,Wed Sep 27 2017 17:38:51 GMT+0700 (WIB)
,undefined,undefined,undefined,undefined,undefined
201,gogon,asdf,gogon@gmail.com,987654321,Wed Sep 27 2017 17:38:51 GMT+0700 (WIB)
,undefined,undefined,undefined,undefined,undefined
201,gogon,asdf,gogon@gmail.com,987654321,Wed Sep 27 2017 17:38:51 GMT+0700 (WIB)
,undefined,undefined,undefined,undefined,undefined
201,gogon,asdf,gogon@gmail.com,987654321,Wed Sep 27 2017 17:38:51 GMT+0700 (WIB)
,undefined,undefined,undefined,undefined,undefined
201,gogon,asdf,gogon@gmail.com,987654321,Wed Sep 27 2017 17:38:51 GMT+0700 (WIB)
,undefined,undefined,undefined,undefined,undefined
201,gogon,asdf,gogon@gmail.com,987654321,Wed Sep 27 2017 17:38:51 GMT+0700 (WIB)
,undefined,undefined,undefined,undefined,undefined
201,gogon,asdf,gogon@gmail.com,987654321,Wed Sep 27 2017 17:38:51 GMT+0700 (WIB)
,undefined,undefined,undefined,undefined,undefined
201,gogon,asdf,gogon@gmail.com,987654321,Wed Sep 27 2017 17:38:51 GMT+0700 (WIB)
,undefined,undefined,undefined,undefined,undefined
201,gogon,asdf,gogon@gmail.com,987654321,Wed Sep 27 2017 17:38:51 GMT+0700 (WIB)
,undefined,undefined,undefined,undefined,undefined
201,gogon,asdf,gogon@gmail.com,987654321,Wed Sep 27 2017 17:38:52 GMT+0700 (WIB)
,undefined,undefined,undefined,undefined,undefined
201,gogon,asdf,gogon@gmail.com,987654321,Wed Sep 27 2017 17:38:52 GMT+0700 (WIB)
,undefined,undefined,undefined,undefined,undefined
201,gogon,asdf,gogon@gmail.com,987654321,Wed Sep 27 2017 17:38:52 GMT+0700 (WIB)
,undefined,undefined,undefined,undefined,undefined
201,gogon,asdf,gogon@gmail.com,987654321,Wed Sep 27 2017 17:38:52 GMT+0700 (WIB)
,undefined,undefined,undefined,undefined,undefined
201,gogon,asdf,gogon@gmail.com,987654321,Wed Sep 27 2017 17:38:52 GMT+0700 (WIB)
,undefined,undefined,undefined,undefined,undefined
201,gogon,asdf,gogon@gmail.com,987654321,Wed Sep 27 2017 17:38:52 GMT+0700 (WIB)
,undefined,undefined,undefined,undefined,undefined
201,gogon,asdf,gogon@gmail.com,987654321,Wed Sep 27 2017 17:38:52 GMT+0700 (WIB)
,undefined,undefined,undefined,undefined,undefined
201,gogon,asdf,gogon@gmail.com,987654321,Wed Sep 27 2017 17:38:52 GMT+0700 (WIB)
,undefined,undefined,undefined,undefined,undefined
201,gogon,asdf,gogon@gmail.com,987654321,Wed Sep 27 2017 17:38:52 GMT+0700 (WIB)
,undefined,undefined,undefined,undefined,undefined
201,gogon,asdf,gogon@gmail.com,987654321,Wed Sep 27 2017 17:38:53 GMT+0700 (WIB)
,undefined,undefined,undefined,undefined,undefined
201,gogon,asdf,gogon@gmail.com,987654321,Wed Sep 27 2017 17:38:53 GMT+0700 (WIB)
,undefined,undefined,undefined,undefined,undefined
201,gogon,asdf,gogon@gmail.com,987654321,Wed Sep 27 2017 17:38:53 GMT+0700 (WIB)
,undefined,undefined,undefined,undefined,undefined
201,gogon,asdf,gogon@gmail.com,987654321,Wed Sep 27 2017 17:38:53 GMT+0700 (WIB)
,undefined,undefined,undefined,undefined,undefined
201,gogon,asdf,gogon@gmail.com,987654321,Wed Sep 27 2017 17:38:53 GMT+0700 (WIB)
,undefined,undefined,undefined,undefined,undefined
201,gogon,asdf,gogon@gmail.com,987654321,Wed Sep 27 2017 17:38:53 GMT+0700 (WIB)
,undefined,undefined,undefined,undefined,undefined
201,gogon,asdf,gogon@gmail.com,987654321,Wed Sep 27 2017 17:38:53 GMT+0700 (WIB)
,undefined,undefined,undefined,undefined,undefined
201,gogon,asdf,gogon@gmail.com,987654321,Wed Sep 27 2017 17:38:53 GMT+0700 (WIB)
,undefined,undefined,undefined,undefined,undefined
201,gogon,asdf,gogon@gmail.com,987654321,Wed Sep 27 2017 17:38:53 GMT+0700 (WIB)
,undefined,undefined,undefined,undefined,undefined
201,gogon,asdf,gogon@gmail.com,987654321,Wed Sep 27 2017 17:38:53 GMT+0700 (WIB)
,undefined,undefined,undefined,undefined,undefined
201,gogon,asdf,gogon@gmail.com,987654321,Wed Sep 27 2017 17:38:54 GMT+0700 (WIB)
,undefined,undefined,undefined,undefined,undefined
201,gogon,asdf,gogon@gmail.com,987654321,Wed Sep 27 2017 17:38:54 GMT+0700 (WIB)
,undefined,undefined,undefined,undefined,undefined
201,gogon,asdf,gogon@gmail.com,987654321,Wed Sep 27 2017 17:38:54 GMT+0700 (WIB)
,undefined,undefined,undefined,undefined,undefined
201,gogon,asdf,gogon@gmail.com,987654321,Wed Sep 27 2017 17:38:54 GMT+0700 (WIB)
,undefined,undefined,undefined,undefined,undefined
201,gogon,asdf,gogon@gmail.com,987654321,Wed Sep 27 2017 17:38:54 GMT+0700 (WIB)
,undefined,undefined,undefined,undefined,undefined
201,gogon,asdf,gogon@gmail.com,987654321,Wed Sep 27 2017 17:38:54 GMT+0700 (WIB)
,undefined,undefined,undefined,undefined,undefined
201,gogon,asdf,gogon@gmail.com,987654321,Wed Sep 27 2017 17:38:54 GMT+0700 (WIB)
,undefined,undefined,undefined,undefined,undefined
201,gogon,asdf,gogon@gmail.com,987654321,Wed Sep 27 2017 17:38:54 GMT+0700 (WIB)
,undefined,undefined,undefined,undefined,undefined
201,gogon,asdf,gogon@gmail.com,987654321,Wed Sep 27 2017 17:38:54 GMT+0700 (WIB)
,undefined,undefined,undefined,undefined,undefined
201,gogon,asdf,gogon@gmail.com,987654321,Wed Sep 27 2017 17:38:54 GMT+0700 (WIB)
,undefined,undefined,undefined,undefined,undefined
201,gogon,asdf,gogon@gmail.com,987654321,Wed Sep 27 2017 17:38:55 GMT+0700 (WIB)
,undefined,undefined,undefined,undefined,undefined
201,gogon,asdf,gogon@gmail.com,987654321,Wed Sep 27 2017 17:38:55 GMT+0700 (WIB)
,undefined,undefined,undefined,undefined,undefined
201,gogon,asdf,gogon@gmail.com,987654321,Wed Sep 27 2017 17:38:55 GMT+0700 (WIB)
,undefined,undefined,undefined,undefined,undefined
201,gogon,asdf,gogon@gmail.com,987654321,Wed Sep 27 2017 17:38:55 GMT+0700 (WIB)
,undefined,undefined,undefined,undefined,undefined
201,gogon,asdf,gogon@gmail.com,987654321,Wed Sep 27 2017 17:38:55 GMT+0700 (WIB)
,undefined,undefined,undefined,undefined,undefined
201,gogon,asdf,gogon@gmail.com,987654321,Wed Sep 27 2017 17:38:55 GMT+0700 (WIB)
,undefined,undefined,undefined,undefined,undefined
201,gogon,asdf,gogon@gmail.com,987654321,Wed Sep 27 2017 17:38:55 GMT+0700 (WIB)
,undefined,undefined,undefined,undefined,undefined
201,gogon,asdf,gogon@gmail.com,987654321,Wed Sep 27 2017 17:38:55 GMT+0700 (WIB)
,undefined,undefined,undefined,undefined,undefined
201,gogon,asdf,gogon@gmail.com,987654321,Wed Sep 27 2017 17:38:55 GMT+0700 (WIB)
,undefined,undefined,undefined,undefined,undefined
201,gogon,asdf,gogon@gmail.com,987654321,Wed Sep 27 2017 17:38:55 GMT+0700 (WIB)
,undefined,undefined,undefined,undefined,undefined
201,gogon,asdf,gogon@gmail.com,987654321,Wed Sep 27 2017 17:38:56 GMT+0700 (WIB)
,undefined,undefined,undefined,undefined,undefined
201,gogon,asdf,gogon@gmail.com,987654321,Wed Sep 27 2017 17:38:56 GMT+0700 (WIB)
,undefined,undefined,undefined,undefined,undefined
201,gogon,asdf,gogon@gmail.com,987654321,Wed Sep 27 2017 17:38:56 GMT+0700 (WIB)
,undefined,undefined,undefined,undefined,undefined
201,gogon,asdf,gogon@gmail.com,987654321,Wed Sep 27 2017 17:38:56 GMT+0700 (WIB)
,undefined,undefined,undefined,undefined,undefined
201,gogon,asdf,gogon@gmail.com,987654321,Wed Sep 27 2017 17:38:56 GMT+0700 (WIB)
,undefined,undefined,undefined,undefined,undefined
201,gogon,asdf,gogon@gmail.com,987654321,Wed Sep 27 2017 17:38:56 GMT+0700 (WIB)
,undefined,undefined,undefined,undefined,undefined
201,gogon,asdf,gogon@gmail.com,987654321,Wed Sep 27 2017 17:38:56 GMT+0700 (WIB)
,undefined,undefined,undefined,undefined,undefined
201,gogon,asdf,gogon@gmail.com,987654321,Wed Sep 27 2017 17:38:56 GMT+0700 (WIB)
,undefined,undefined,undefined,undefined,undefined
201,gogon,asdf,gogon@gmail.com,987654321,Wed Sep 27 2017 17:38:56 GMT+0700 (WIB)
,undefined,undefined,undefined,undefined,undefined
201,gogon,asdf,gogon@gmail.com,987654321,Wed Sep 27 2017 17:38:56 GMT+0700 (WIB)
,undefined,undefined,undefined,undefined,undefined
201,gogon,asdf,gogon@gmail.com,987654321,Wed Sep 27 2017 17:38:57 GMT+0700 (WIB)
,undefined,undefined,undefined,undefined,undefined
201,gogon,asdf,gogon@gmail.com,987654321,Wed Sep 27 2017 17:38:57 GMT+0700 (WIB)
,undefined,undefined,undefined,undefined,undefined
201,gogon,asdf,gogon@gmail.com,987654321,Wed Sep 27 2017 17:38:57 GMT+0700 (WIB)
,undefined,undefined,undefined,undefined,undefined
201,gogon,asdf,gogon@gmail.com,987654321,Wed Sep 27 2017 17:38:57 GMT+0700 (WIB)
,undefined,undefined,undefined,undefined,undefined
201,gogon,asdf,gogon@gmail.com,987654321,Wed Sep 27 2017 17:38:57 GMT+0700 (WIB)
,undefined,undefined,undefined,undefined,undefined
201,gogon,asdf,gogon@gmail.com,987654321,Wed Sep 27 2017 17:38:57 GMT+0700 (WIB)
,undefined,undefined,undefined,undefined,undefined
201,gogon,asdf,gogon@gmail.com,987654321,Wed Sep 27 2017 17:38:57 GMT+0700 (WIB)
,undefined,undefined,undefined,undefined,undefined
201,gogon,asdf,gogon@gmail.com,987654321,Wed Sep 27 2017 17:38:57 GMT+0700 (WIB)
,undefined,undefined,undefined,undefined,undefined
201,gogon,asdf,gogon@gmail.com,987654321,Wed Sep 27 2017 17:38:57 GMT+0700 (WIB)
,undefined,undefined,undefined,undefined,undefined
201,gogon,asdf,gogon@gmail.com,987654321,Wed Sep 27 2017 17:38:57 GMT+0700 (WIB)
,undefined,undefined,undefined,undefined,undefined
201,gogon,asdf,gogon@gmail.com,987654321,Wed Sep 27 2017 17:38:58 GMT+0700 (WIB)
,undefined,undefined,undefined,undefined,undefined
201,gogon,asdf,gogon@gmail.com,987654321,Wed Sep 27 2017 17:38:58 GMT+0700 (WIB)
,undefined,undefined,undefined,undefined,undefined
201,gogon,asdf,gogon@gmail.com,987654321,Wed Sep 27 2017 17:38:58 GMT+0700 (WIB)
,undefined,undefined,undefined,undefined,undefined
201,gogon,asdf,gogon@gmail.com,987654321,Wed Sep 27 2017 17:38:58 GMT+0700 (WIB)
,undefined,undefined,undefined,undefined,undefined
201,gogon,asdf,gogon@gmail.com,987654321,Wed Sep 27 2017 17:38:58 GMT+0700 (WIB)
,undefined,undefined,undefined,undefined,undefined
201,gogon,asdf,gogon@gmail.com,987654321,Wed Sep 27 2017 17:38:58 GMT+0700 (WIB)
,undefined,undefined,undefined,undefined,undefined
201,gogon,asdf,gogon@gmail.com,987654321,Wed Sep 27 2017 17:38:58 GMT+0700 (WIB)
,undefined,undefined,undefined,undefined,undefined
201,gogon,asdf,gogon@gmail.com,987654321,Wed Sep 27 2017 17:38:58 GMT+0700 (WIB)
,undefined,undefined,undefined,undefined,undefined
201,gogon,asdf,gogon@gmail.com,987654321,Wed Sep 27 2017 17:38:58 GMT+0700 (WIB)
,undefined,undefined,undefined,undefined,undefined
201,gogon,asdf,gogon@gmail.com,987654321,Wed Sep 27 2017 17:38:58 GMT+0700 (WIB)
,undefined,undefined,undefined,undefined,undefined
201,gogon,asdf,gogon@gmail.com,987654321,Wed Sep 27 2017 17:38:59 GMT+0700 (WIB)
,undefined,undefined,undefined,undefined,undefined
201,gogon,asdf,gogon@gmail.com,987654321,Wed Sep 27 2017 17:38:59 GMT+0700 (WIB)
,undefined,undefined,undefined,undefined,undefined
201,gogon,asdf,gogon@gmail.com,987654321,Wed Sep 27 2017 17:38:59 GMT+0700 (WIB)
,undefined,undefined,undefined,undefined,undefined
201,gogon,asdf,gogon@gmail.com,987654321,Wed Sep 27 2017 17:38:59 GMT+0700 (WIB)
,undefined,undefined,undefined,undefined,undefined
201,gogon,asdf,gogon@gmail.com,987654321,Wed Sep 27 2017 17:38:59 GMT+0700 (WIB)
,undefined,undefined,undefined,undefined,undefined
201,gogon,asdf,gogon@gmail.com,987654321,Wed Sep 27 2017 17:38:59 GMT+0700 (WIB)
,undefined,undefined,undefined,undefined,undefined
201,gogon,asdf,gogon@gmail.com,987654321,Wed Sep 27 2017 17:38:59 GMT+0700 (WIB)
,undefined,undefined,undefined,undefined,undefined
201,gogon,asdf,gogon@gmail.com,987654321,Wed Sep 27 2017 17:38:59 GMT+0700 (WIB)
,undefined,undefined,undefined,undefined,undefined
201,gogon,asdf,gogon@gmail.com,987654321,Wed Sep 27 2017 17:38:59 GMT+0700 (WIB)
,undefined,undefined,undefined,undefined,undefined
201,gogon,asdf,gogon@gmail.com,987654321,Wed Sep 27 2017 17:38:59 GMT+0700 (WIB)
,undefined,undefined,undefined,undefined,undefined
201,gogon,asdf,gogon@gmail.com,987654321,Wed Sep 27 2017 17:39:00 GMT+0700 (WIB)
,undefined,undefined,undefined,undefined,undefined
201,gogon,asdf,gogon@gmail.com,987654321,Wed Sep 27 2017 17:39:00 GMT+0700 (WIB)
,undefined,undefined,undefined,undefined,undefined
201,gogon,asdf,gogon@gmail.com,987654321,Wed Sep 27 2017 17:39:00 GMT+0700 (WIB)
,undefined,undefined,undefined,undefined,undefined
201,gogon,asdf,gogon@gmail.com,987654321,Wed Sep 27 2017 17:39:00 GMT+0700 (WIB)
,undefined,undefined,undefined,undefined,undefined
201,gogon,asdf,gogon@gmail.com,987654321,Wed Sep 27 2017 17:39:00 GMT+0700 (WIB)
,undefined,undefined,undefined,undefined,undefined
201,gogon,asdf,gogon@gmail.com,987654321,Wed Sep 27 2017 17:39:00 GMT+0700 (WIB)
,undefined,undefined,undefined,undefined,undefined
201,gogon,asdf,gogon@gmail.com,987654321,Wed Sep 27 2017 17:39:00 GMT+0700 (WIB)
,undefined,undefined,undefined,undefined,undefined
201,gogon,asdf,gogon@gmail.com,987654321,Wed Sep 27 2017 17:39:00 GMT+0700 (WIB)
,undefined,undefined,undefined,undefined,undefined
201,gogon,asdf,gogon@gmail.com,987654321,Wed Sep 27 2017 17:39:00 GMT+0700 (WIB)
,undefined,undefined,undefined,undefined,undefined
201,gogon,asdf,gogon@gmail.com,987654321,Wed Sep 27 2017 17:39:00 GMT+0700 (WIB)
,undefined,undefined,undefined,undefined,undefined
201,gogon,asdf,gogon@gmail.com,987654321,Wed Sep 27 2017 17:39:01 GMT+0700 (WIB)
,undefined,undefined,undefined,undefined,undefined
201,gogon,asdf,gogon@gmail.com,987654321,Wed Sep 27 2017 17:39:01 GMT+0700 (WIB)
,undefined,undefined,undefined,undefined,undefined
201,gogon,asdf,gogon@gmail.com,987654321,Wed Sep 27 2017 17:39:01 GMT+0700 (WIB)
,undefined,undefined,undefined,undefined,undefined
201,gogon,asdf,gogon@gmail.com,987654321,Wed Sep 27 2017 17:39:01 GMT+0700 (WIB)
,undefined,undefined,undefined,undefined,undefined
201,gogon,asdf,gogon@gmail.com,987654321,Wed Sep 27 2017 17:39:01 GMT+0700 (WIB)
,undefined,undefined,undefined,undefined,undefined
201,gogon,asdf,gogon@gmail.com,987654321,Wed Sep 27 2017 17:39:01 GMT+0700 (WIB)
,undefined,undefined,undefined,undefined,undefined
201,gogon,asdf,gogon@gmail.com,987654321,Wed Sep 27 2017 17:39:01 GMT+0700 (WIB)
,undefined,undefined,undefined,undefined,undefined
201,gogon,asdf,gogon@gmail.com,987654321,Wed Sep 27 2017 17:39:01 GMT+0700 (WIB)
,undefined,undefined,undefined,undefined,undefined
201,gogon,asdf,gogon@gmail.com,987654321,Wed Sep 27 2017 17:39:01 GMT+0700 (WIB)
,undefined,undefined,undefined,undefined,undefined
201,gogon,asdf,gogon@gmail.com,987654321,Wed Sep 27 2017 17:39:01 GMT+0700 (WIB)
,undefined,undefined,undefined,undefined,undefined
201,gogon,asdf,gogon@gmail.com,987654321,Wed Sep 27 2017 17:39:02 GMT+0700 (WIB)
,undefined,undefined,undefined,undefined,undefined
201,gogon,asdf,gogon@gmail.com,987654321,Wed Sep 27 2017 17:39:02 GMT+0700 (WIB)
,undefined,undefined,undefined,undefined,undefined
201,gogon,asdf,gogon@gmail.com,987654321,Wed Sep 27 2017 17:39:02 GMT+0700 (WIB)
,undefined,undefined,undefined,undefined,undefined
201,gogon,asdf,gogon@gmail.com,987654321,Wed Sep 27 2017 17:39:02 GMT+0700 (WIB)
,undefined,undefined,undefined,undefined,undefined
201,gogon,asdf,gogon@gmail.com,987654321,Wed Sep 27 2017 17:39:02 GMT+0700 (WIB)
,undefined,undefined,undefined,undefined,undefined
201,gogon,asdf,gogon@gmail.com,987654321,Wed Sep 27 2017 17:39:02 GMT+0700 (WIB)
,undefined,undefined,undefined,undefined,undefined
201,gogon,asdf,gogon@gmail.com,987654321,Wed Sep 27 2017 17:39:02 GMT+0700 (WIB)
,undefined,undefined,undefined,undefined,undefined
201,gogon,asdf,gogon@gmail.com,987654321,Wed Sep 27 2017 17:39:02 GMT+0700 (WIB)
,undefined,undefined,undefined,undefined,undefined
201,gogon,asdf,gogon@gmail.com,987654321,Wed Sep 27 2017 17:39:02 GMT+0700 (WIB)
,undefined,undefined,undefined,undefined,undefined
201,gogon,asdf,gogon@gmail.com,987654321,Wed Sep 27 2017 17:39:02 GMT+0700 (WIB)
,undefined,undefined,undefined,undefined,undefined
201,gogon,asdf,gogon@gmail.com,987654321,Wed Sep 27 2017 17:39:03 GMT+0700 (WIB)
,undefined,undefined,undefined,undefined,undefined
201,gogon,asdf,gogon@gmail.com,987654321,Wed Sep 27 2017 17:39:03 GMT+0700 (WIB)
,undefined,undefined,undefined,undefined,undefined
201,gogon,asdf,gogon@gmail.com,987654321,Wed Sep 27 2017 17:39:03 GMT+0700 (WIB)
,undefined,undefined,undefined,undefined,undefined
201,gogon,asdf,gogon@gmail.com,987654321,Wed Sep 27 2017 17:39:03 GMT+0700 (WIB)
,undefined,undefined,undefined,undefined,undefined
201,gogon,asdf,gogon@gmail.com,987654321,Wed Sep 27 2017 17:39:03 GMT+0700 (WIB)
,undefined,undefined,undefined,undefined,undefined
201,gogon,asdf,gogon@gmail.com,987654321,Wed Sep 27 2017 17:39:03 GMT+0700 (WIB)
,undefined,undefined,undefined,undefined,undefined
201,gogon,asdf,gogon@gmail.com,987654321,Wed Sep 27 2017 17:39:03 GMT+0700 (WIB)
,undefined,undefined,undefined,undefined,undefined
201,gogon,asdf,gogon@gmail.com,987654321,Wed Sep 27 2017 17:39:03 GMT+0700 (WIB)
,undefined,undefined,undefined,undefined,undefined
201,gogon,asdf,gogon@gmail.com,987654321,Wed Sep 27 2017 17:39:03 GMT+0700 (WIB)
,undefined,undefined,undefined,undefined,undefined
201,gogon,asdf,gogon@gmail.com,987654321,Wed Sep 27 2017 17:39:03 GMT+0700 (WIB)
,undefined,undefined,undefined,undefined,undefined
201,gogon,asdf,gogon@gmail.com,987654321,Wed Sep 27 2017 17:39:04 GMT+0700 (WIB)
,undefined,undefined,undefined,undefined,undefined
201,gogon,asdf,gogon@gmail.com,987654321,Wed Sep 27 2017 17:39:04 GMT+0700 (WIB)
,undefined,undefined,undefined,undefined,undefined
201,gogon,asdf,gogon@gmail.com,987654321,Wed Sep 27 2017 17:39:04 GMT+0700 (WIB)
,undefined,undefined,undefined,undefined,undefined
201,gogon,asdf,gogon@gmail.com,987654321,Wed Sep 27 2017 17:39:04 GMT+0700 (WIB)
,undefined,undefined,undefined,undefined,undefined
201,gogon,asdf,gogon@gmail.com,987654321,Wed Sep 27 2017 17:39:04 GMT+0700 (WIB)
,undefined,undefined,undefined,undefined,undefined
201,gogon,asdf,gogon@gmail.com,987654321,Wed Sep 27 2017 17:39:04 GMT+0700 (WIB)
,undefined,undefined,undefined,undefined,undefined
201,gogon,asdf,gogon@gmail.com,987654321,Wed Sep 27 2017 17:39:04 GMT+0700 (WIB)
,undefined,undefined,undefined,undefined,undefined
201,gogon,asdf,gogon@gmail.com,987654321,Wed Sep 27 2017 17:39:04 GMT+0700 (WIB)
,undefined,undefined,undefined,undefined,undefined
201,gogon,asdf,gogon@gmail.com,987654321,Wed Sep 27 2017 17:39:04 GMT+0700 (WIB)
,undefined,undefined,undefined,undefined,undefined
201,gogon,asdf,gogon@gmail.com,987654321,Wed Sep 27 2017 17:39:04 GMT+0700 (WIB)
,undefined,undefined,undefined,undefined,undefined
201,gogon,asdf,gogon@gmail.com,987654321,Wed Sep 27 2017 17:39:05 GMT+0700 (WIB)
,undefined,undefined,undefined,undefined,undefined
201,gogon,asdf,gogon@gmail.com,987654321,Wed Sep 27 2017 17:39:05 GMT+0700 (WIB)
,undefined,undefined,undefined,undefined,undefined
201,gogon,asdf,gogon@gmail.com,987654321,Wed Sep 27 2017 17:39:05 GMT+0700 (WIB)
,undefined,undefined,undefined,undefined,undefined
201,gogon,asdf,gogon@gmail.com,987654321,Wed Sep 27 2017 17:39:05 GMT+0700 (WIB)
,undefined,undefined,undefined,undefined,undefined
201,gogon,asdf,gogon@gmail.com,987654321,Wed Sep 27 2017 17:39:05 GMT+0700 (WIB)
,undefined,undefined,undefined,undefined,undefined
201,gogon,asdf,gogon@gmail.com,987654321,Wed Sep 27 2017 17:39:05 GMT+0700 (WIB)
,undefined,undefined,undefined,undefined,undefined
201,gogon,asdf,gogon@gmail.com,987654321,Wed Sep 27 2017 17:39:05 GMT+0700 (WIB)
,undefined,undefined,undefined,undefined,undefined
201,gogon,asdf,gogon@gmail.com,987654321,Wed Sep 27 2017 17:39:05 GMT+0700 (WIB)
,undefined,undefined,undefined,undefined,undefined
201,gogon,asdf,gogon@gmail.com,987654321,Wed Sep 27 2017 17:39:05 GMT+0700 (WIB)
,undefined,undefined,undefined,undefined,undefined
201,gogon,asdf,gogon@gmail.com,987654321,Wed Sep 27 2017 17:39:05 GMT+0700 (WIB)
,undefined,undefined,undefined,undefined,undefined
201,gogon,asdf,gogon@gmail.com,987654321,Wed Sep 27 2017 17:39:06 GMT+0700 (WIB)
,undefined,undefined,undefined,undefined,undefined
201,gogon,asdf,gogon@gmail.com,987654321,Wed Sep 27 2017 17:39:06 GMT+0700 (WIB)
,undefined,undefined,undefined,undefined,undefined
201,gogon,asdf,gogon@gmail.com,987654321,Wed Sep 27 2017 17:39:06 GMT+0700 (WIB)
,undefined,undefined,undefined,undefined,undefined
201,gogon,asdf,gogon@gmail.com,987654321,Wed Sep 27 2017 17:39:06 GMT+0700 (WIB)
,undefined,undefined,undefined,undefined,undefined
201,gogon,asdf,gogon@gmail.com,987654321,Wed Sep 27 2017 17:39:06 GMT+0700 (WIB)
,undefined,undefined,undefined,undefined,undefined
201,gogon,asdf,gogon@gmail.com,987654321,Wed Sep 27 2017 17:39:06 GMT+0700 (WIB)
,undefined,undefined,undefined,undefined,undefined
201,gogon,asdf,gogon@gmail.com,987654321,Wed Sep 27 2017 17:39:06 GMT+0700 (WIB)
,undefined,undefined,undefined,undefined,undefined
201,gogon,asdf,gogon@gmail.com,987654321,Wed Sep 27 2017 17:39:06 GMT+0700 (WIB)
,undefined,undefined,undefined,undefined,undefined
201,gogon,asdf,gogon@gmail.com,987654321,Wed Sep 27 2017 17:39:06 GMT+0700 (WIB)
,undefined,undefined,undefined,undefined,undefined
201,gogon,asdf,gogon@gmail.com,987654321,Wed Sep 27 2017 17:39:07 GMT+0700 (WIB)
,undefined,undefined,undefined,undefined,undefined
201,gogon,asdf,gogon@gmail.com,987654321,Wed Sep 27 2017 17:39:07 GMT+0700 (WIB)
,undefined,undefined,undefined,undefined,undefined
201,gogon,asdf,gogon@gmail.com,987654321,Wed Sep 27 2017 17:39:07 GMT+0700 (WIB)
,undefined,undefined,undefined,undefined,undefined
201,gogon,asdf,gogon@gmail.com,987654321,Wed Sep 27 2017 17:39:07 GMT+0700 (WIB)
,undefined,undefined,undefined,undefined,undefined
201,gogon,asdf,gogon@gmail.com,987654321,Wed Sep 27 2017 17:39:07 GMT+0700 (WIB)
,undefined,undefined,undefined,undefined,undefined
201,gogon,asdf,gogon@gmail.com,987654321,Wed Sep 27 2017 17:39:07 GMT+0700 (WIB)
,undefined,undefined,undefined,undefined,undefined
201,gogon,asdf,gogon@gmail.com,987654321,Wed Sep 27 2017 17:39:07 GMT+0700 (WIB)
,undefined,undefined,undefined,undefined,undefined
201,gogon,asdf,gogon@gmail.com,987654321,Wed Sep 27 2017 17:39:07 GMT+0700 (WIB)
,undefined,undefined,undefined,undefined,undefined
201,gogon,asdf,gogon@gmail.com,987654321,Wed Sep 27 2017 17:39:07 GMT+0700 (WIB)
,undefined,undefined,undefined,undefined,undefined
201,gogon,asdf,gogon@gmail.com,987654321,Wed Sep 27 2017 17:39:07 GMT+0700 (WIB)
,undefined,undefined,undefined,undefined,undefined
201,gogon,asdf,gogon@gmail.com,987654321,Wed Sep 27 2017 17:39:08 GMT+0700 (WIB)
,undefined,undefined,undefined,undefined,undefined
201,gogon,asdf,gogon@gmail.com,987654321,Wed Sep 27 2017 17:39:08 GMT+0700 (WIB)
,undefined,undefined,undefined,undefined,undefined
201,gogon,asdf,gogon@gmail.com,987654321,Wed Sep 27 2017 17:39:08 GMT+0700 (WIB)
,undefined,undefined,undefined,undefined,undefined
201,gogon,asdf,gogon@gmail.com,987654321,Wed Sep 27 2017 17:39:08 GMT+0700 (WIB)
,undefined,undefined,undefined,undefined,undefined
201,gogon,asdf,gogon@gmail.com,987654321,Wed Sep 27 2017 17:39:08 GMT+0700 (WIB)
,undefined,undefined,undefined,undefined,undefined
201,gogon,asdf,gogon@gmail.com,987654321,Wed Sep 27 2017 17:39:08 GMT+0700 (WIB)
,undefined,undefined,undefined,undefined,undefined
201,gogon,asdf,gogon@gmail.com,987654321,Wed Sep 27 2017 17:39:08 GMT+0700 (WIB)
,undefined,undefined,undefined,undefined,undefined
201,gogon,asdf,gogon@gmail.com,987654321,Wed Sep 27 2017 17:39:08 GMT+0700 (WIB)
,undefined,undefined,undefined,undefined,undefined
201,gogon,asdf,gogon@gmail.com,987654321,Wed Sep 27 2017 17:39:08 GMT+0700 (WIB)
,undefined,undefined,undefined,undefined,undefined
201,gogon,asdf,gogon@gmail.com,987654321,Wed Sep 27 2017 17:39:08 GMT+0700 (WIB)
,undefined,undefined,undefined,undefined,undefined
201,gogon,asdf,gogon@gmail.com,987654321,Wed Sep 27 2017 17:39:09 GMT+0700 (WIB)
,undefined,undefined,undefined,undefined,undefined
201,gogon,asdf,gogon@gmail.com,987654321,Wed Sep 27 2017 17:39:09 GMT+0700 (WIB)
,undefined,undefined,undefined,undefined,undefined
201,gogon,asdf,gogon@gmail.com,987654321,Wed Sep 27 2017 17:39:09 GMT+0700 (WIB)
,undefined,undefined,undefined,undefined,undefined
201,gogon,asdf,gogon@gmail.com,987654321,Wed Sep 27 2017 17:39:09 GMT+0700 (WIB)
,undefined,undefined,undefined,undefined,undefined
201,gogon,asdf,gogon@gmail.com,987654321,Wed Sep 27 2017 17:39:09 GMT+0700 (WIB)
,undefined,undefined,undefined,undefined,undefined
201,gogon,asdf,gogon@gmail.com,987654321,Wed Sep 27 2017 17:39:09 GMT+0700 (WIB)
,undefined,undefined,undefined,undefined,undefined
201,gogon,asdf,gogon@gmail.com,987654321,Wed Sep 27 2017 17:39:09 GMT+0700 (WIB)
,undefined,undefined,undefined,undefined,undefined
201,gogon,asdf,gogon@gmail.com,987654321,Wed Sep 27 2017 17:39:09 GMT+0700 (WIB)
,undefined,undefined,undefined,undefined,undefined
201,gogon,asdf,gogon@gmail.com,987654321,Wed Sep 27 2017 17:39:09 GMT+0700 (WIB)
,undefined,undefined,undefined,undefined,undefined
201,gogon,asdf,gogon@gmail.com,987654321,Wed Sep 27 2017 17:39:09 GMT+0700 (WIB)
,undefined,undefined,undefined,undefined,undefined
201,gogon,asdf,gogon@gmail.com,987654321,Wed Sep 27 2017 17:39:10 GMT+0700 (WIB)
,undefined,undefined,undefined,undefined,undefined
201,gogon,asdf,gogon@gmail.com,987654321,Wed Sep 27 2017 17:39:10 GMT+0700 (WIB)
,undefined,undefined,undefined,undefined,undefined
201,gogon,asdf,gogon@gmail.com,987654321,Wed Sep 27 2017 17:39:10 GMT+0700 (WIB)
,undefined,undefined,undefined,undefined,undefined
201,gogon,asdf,gogon@gmail.com,987654321,Wed Sep 27 2017 17:39:10 GMT+0700 (WIB)
,undefined,undefined,undefined,undefined,undefined
201,gogon,asdf,gogon@gmail.com,987654321,Wed Sep 27 2017 17:39:10 GMT+0700 (WIB)
,undefined,undefined,undefined,undefined,undefined
201,gogon,asdf,gogon@gmail.com,987654321,Wed Sep 27 2017 17:39:10 GMT+0700 (WIB)
,undefined,undefined,undefined,undefined,undefined
201,gogon,asdf,gogon@gmail.com,987654321,Wed Sep 27 2017 17:39:10 GMT+0700 (WIB)
,undefined,undefined,undefined,undefined,undefined
201,gogon,asdf,gogon@gmail.com,987654321,Wed Sep 27 2017 17:39:10 GMT+0700 (WIB)
,undefined,undefined,undefined,undefined,undefined
201,gogon,asdf,gogon@gmail.com,987654321,Wed Sep 27 2017 17:39:10 GMT+0700 (WIB)
,undefined,undefined,undefined,undefined,undefined
201,gogon,asdf,gogon@gmail.com,987654321,Wed Sep 27 2017 17:39:10 GMT+0700 (WIB)
,undefined,undefined,undefined,undefined,undefined
201,gogon,asdf,gogon@gmail.com,987654321,Wed Sep 27 2017 17:39:11 GMT+0700 (WIB)
,undefined,undefined,undefined,undefined,undefined
201,gogon,asdf,gogon@gmail.com,987654321,Wed Sep 27 2017 17:39:11 GMT+0700 (WIB)
,undefined,undefined,undefined,undefined,undefined
201,gogon,asdf,gogon@gmail.com,987654321,Wed Sep 27 2017 17:39:11 GMT+0700 (WIB)
,undefined,undefined,undefined,undefined,undefined
201,gogon,asdf,gogon@gmail.com,987654321,Wed Sep 27 2017 17:39:11 GMT+0700 (WIB)
,undefined,undefined,undefined,undefined,undefined
201,gogon,asdf,gogon@gmail.com,987654321,Wed Sep 27 2017 17:39:11 GMT+0700 (WIB)
,undefined,undefined,undefined,undefined,undefined
201,gogon,asdf,gogon@gmail.com,987654321,Wed Sep 27 2017 17:39:11 GMT+0700 (WIB)
,undefined,undefined,undefined,undefined,undefined
201,gogon,asdf,gogon@gmail.com,987654321,Wed Sep 27 2017 17:39:11 GMT+0700 (WIB)
,undefined,undefined,undefined,undefined,undefined
201,gogon,asdf,gogon@gmail.com,987654321,Wed Sep 27 2017 17:39:11 GMT+0700 (WIB)
,undefined,undefined,undefined,undefined,undefined
201,gogon,asdf,gogon@gmail.com,987654321,Wed Sep 27 2017 17:39:11 GMT+0700 (WIB)
,undefined,undefined,undefined,undefined,undefined
201,gogon,asdf,gogon@gmail.com,987654321,Wed Sep 27 2017 17:39:11 GMT+0700 (WIB)
,undefined,undefined,undefined,undefined,undefined
201,gogon,asdf,gogon@gmail.com,987654321,Wed Sep 27 2017 17:39:12 GMT+0700 (WIB)
,undefined,undefined,undefined,undefined,undefined
201,gogon,asdf,gogon@gmail.com,987654321,Wed Sep 27 2017 17:39:12 GMT+0700 (WIB)
,undefined,undefined,undefined,undefined,undefined
201,gogon,asdf,gogon@gmail.com,987654321,Wed Sep 27 2017 17:39:12 GMT+0700 (WIB)
,undefined,undefined,undefined,undefined,undefined
201,gogon,asdf,gogon@gmail.com,987654321,Wed Sep 27 2017 17:39:12 GMT+0700 (WIB)
,undefined,undefined,undefined,undefined,undefined
201,gogon,asdf,gogon@gmail.com,987654321,Wed Sep 27 2017 17:39:12 GMT+0700 (WIB)
,undefined,undefined,undefined,undefined,undefined
201,gogon,asdf,gogon@gmail.com,987654321,Wed Sep 27 2017 17:39:12 GMT+0700 (WIB)
,undefined,undefined,undefined,undefined,undefined
201,gogon,asdf,gogon@gmail.com,987654321,Wed Sep 27 2017 17:39:12 GMT+0700 (WIB)
,undefined,undefined,undefined,undefined,undefined
201,gogon,asdf,gogon@gmail.com,987654321,Wed Sep 27 2017 17:39:12 GMT+0700 (WIB)
,undefined,undefined,undefined,undefined,undefined
201,gogon,asdf,gogon@gmail.com,987654321,Wed Sep 27 2017 17:39:12 GMT+0700 (WIB)
,undefined,undefined,undefined,undefined,undefined
201,gogon,asdf,gogon@gmail.com,987654321,Wed Sep 27 2017 17:39:12 GMT+0700 (WIB)
,undefined,undefined,undefined,undefined,undefined
201,gogon,asdf,gogon@gmail.com,987654321,Wed Sep 27 2017 17:39:13 GMT+0700 (WIB)
,undefined,undefined,undefined,undefined,undefined
201,gogon,asdf,gogon@gmail.com,987654321,Wed Sep 27 2017 17:39:13 GMT+0700 (WIB)
,undefined,undefined,undefined,undefined,undefined
201,gogon,asdf,gogon@gmail.com,987654321,Wed Sep 27 2017 17:39:13 GMT+0700 (WIB)
,undefined,undefined,undefined,undefined,undefined
201,gogon,asdf,gogon@gmail.com,987654321,Wed Sep 27 2017 17:39:13 GMT+0700 (WIB)
,undefined,undefined,undefined,undefined,undefined
201,gogon,asdf,gogon@gmail.com,987654321,Wed Sep 27 2017 17:39:13 GMT+0700 (WIB)
,undefined,undefined,undefined,undefined,undefined
201,gogon,asdf,gogon@gmail.com,987654321,Wed Sep 27 2017 17:39:13 GMT+0700 (WIB)
,undefined,undefined,undefined,undefined,undefined
201,gogon,asdf,gogon@gmail.com,987654321,Wed Sep 27 2017 17:39:13 GMT+0700 (WIB)
,undefined,undefined,undefined,undefined,undefined
201,gogon,asdf,gogon@gmail.com,987654321,Wed Sep 27 2017 17:39:13 GMT+0700 (WIB)
,undefined,undefined,undefined,undefined,undefined
201,gogon,asdf,gogon@gmail.com,987654321,Wed Sep 27 2017 17:39:13 GMT+0700 (WIB)
,undefined,undefined,undefined,undefined,undefined
201,gogon,asdf,gogon@gmail.com,987654321,Wed Sep 27 2017 17:39:13 GMT+0700 (WIB)
,undefined,undefined,undefined,undefined,undefined
201,gogon,asdf,gogon@gmail.com,987654321,Wed Sep 27 2017 17:39:14 GMT+0700 (WIB)
,undefined,undefined,undefined,undefined,undefined
201,gogon,asdf,gogon@gmail.com,987654321,Wed Sep 27 2017 17:39:14 GMT+0700 (WIB)
,undefined,undefined,undefined,undefined,undefined
201,gogon,asdf,gogon@gmail.com,987654321,Wed Sep 27 2017 17:39:14 GMT+0700 (WIB)
,undefined,undefined,undefined,undefined,undefined
201,gogon,asdf,gogon@gmail.com,987654321,Wed Sep 27 2017 17:39:14 GMT+0700 (WIB)
,undefined,undefined,undefined,undefined,undefined
201,gogon,asdf,gogon@gmail.com,987654321,Wed Sep 27 2017 17:39:14 GMT+0700 (WIB)
,undefined,undefined,undefined,undefined,undefined
201,gogon,asdf,gogon@gmail.com,987654321,Wed Sep 27 2017 17:39:14 GMT+0700 (WIB)
,undefined,undefined,undefined,undefined,undefined
201,gogon,asdf,gogon@gmail.com,987654321,Wed Sep 27 2017 17:39:14 GMT+0700 (WIB)
,undefined,undefined,undefined,undefined,undefined
201,gogon,asdf,gogon@gmail.com,987654321,Wed Sep 27 2017 17:39:14 GMT+0700 (WIB)
,undefined,undefined,undefined,undefined,undefined
201,gogon,asdf,gogon@gmail.com,987654321,Wed Sep 27 2017 17:39:14 GMT+0700 (WIB)
,undefined,undefined,undefined,undefined,undefined
201,gogon,asdf,gogon@gmail.com,987654321,Wed Sep 27 2017 17:39:14 GMT+0700 (WIB)
,undefined,undefined,undefined,undefined,undefined
201,gogon,asdf,gogon@gmail.com,987654321,Wed Sep 27 2017 17:39:15 GMT+0700 (WIB)
,undefined,undefined,undefined,undefined,undefined
201,gogon,asdf,gogon@gmail.com,987654321,Wed Sep 27 2017 17:39:15 GMT+0700 (WIB)
,undefined,undefined,undefined,undefined,undefined
201,gogon,asdf,gogon@gmail.com,987654321,Wed Sep 27 2017 17:39:15 GMT+0700 (WIB)
,undefined,undefined,undefined,undefined,undefined
201,gogon,asdf,gogon@gmail.com,987654321,Wed Sep 27 2017 17:39:15 GMT+0700 (WIB)
,undefined,undefined,undefined,undefined,undefined
201,gogon,asdf,gogon@gmail.com,987654321,Wed Sep 27 2017 17:39:15 GMT+0700 (WIB)
,undefined,undefined,undefined,undefined,undefined
201,gogon,asdf,gogon@gmail.com,987654321,Wed Sep 27 2017 17:39:15 GMT+0700 (WIB)
,undefined,undefined,undefined,undefined,undefined
201,gogon,asdf,gogon@gmail.com,987654321,Wed Sep 27 2017 17:39:15 GMT+0700 (WIB)
,undefined,undefined,undefined,undefined,undefined
201,gogon,asdf,gogon@gmail.com,987654321,Wed Sep 27 2017 17:39:15 GMT+0700 (WIB)
,undefined,undefined,undefined,undefined,undefined
201,gogon,asdf,gogon@gmail.com,987654321,Wed Sep 27 2017 17:39:15 GMT+0700 (WIB)
,undefined,undefined,undefined,undefined,undefined
201,gogon,asdf,gogon@gmail.com,987654321,Wed Sep 27 2017 17:39:15 GMT+0700 (WIB)
,undefined,undefined,undefined,undefined,undefined
201,gogon,asdf,gogon@gmail.com,987654321,Wed Sep 27 2017 17:39:16 GMT+0700 (WIB)
,undefined,undefined,undefined,undefined,undefined
201,gogon,asdf,gogon@gmail.com,987654321,Wed Sep 27 2017 17:39:16 GMT+0700 (WIB)
,undefined,undefined,undefined,undefined,undefined
201,gogon,asdf,gogon@gmail.com,987654321,Wed Sep 27 2017 17:39:16 GMT+0700 (WIB)
,undefined,undefined,undefined,undefined,undefined
201,gogon,asdf,gogon@gmail.com,987654321,Wed Sep 27 2017 17:39:16 GMT+0700 (WIB)
,undefined,undefined,undefined,undefined,undefined
201,gogon,asdf,gogon@gmail.com,987654321,Wed Sep 27 2017 17:39:16 GMT+0700 (WIB)
,undefined,undefined,undefined,undefined,undefined
201,gogon,asdf,gogon@gmail.com,987654321,Wed Sep 27 2017 17:39:16 GMT+0700 (WIB)
,undefined,undefined,undefined,undefined,undefined
201,gogon,asdf,gogon@gmail.com,987654321,Wed Sep 27 2017 17:39:16 GMT+0700 (WIB)
,undefined,undefined,undefined,undefined,undefined
201,gogon,asdf,gogon@gmail.com,987654321,Wed Sep 27 2017 17:39:16 GMT+0700 (WIB)
,undefined,undefined,undefined,undefined,undefined
201,gogon,asdf,gogon@gmail.com,987654321,Wed Sep 27 2017 17:39:16 GMT+0700 (WIB)
,undefined,undefined,undefined,undefined,undefined
201,gogon,asdf,gogon@gmail.com,987654321,Wed Sep 27 2017 17:39:16 GMT+0700 (WIB)
,undefined,undefined,undefined,undefined,undefined
201,gogon,asdf,gogon@gmail.com,987654321,Wed Sep 27 2017 17:39:17 GMT+0700 (WIB)
,undefined,undefined,undefined,undefined,undefined
201,gogon,asdf,gogon@gmail.com,987654321,Wed Sep 27 2017 17:39:17 GMT+0700 (WIB)
,undefined,undefined,undefined,undefined,undefined
201,gogon,asdf,gogon@gmail.com,987654321,Wed Sep 27 2017 17:39:17 GMT+0700 (WIB)
,undefined,undefined,undefined,undefined,undefined
201,gogon,asdf,gogon@gmail.com,987654321,Wed Sep 27 2017 17:39:17 GMT+0700 (WIB)
,undefined,undefined,undefined,undefined,undefined
201,gogon,asdf,gogon@gmail.com,987654321,Wed Sep 27 2017 17:39:17 GMT+0700 (WIB)
,undefined,undefined,undefined,undefined,undefined
201,gogon,asdf,gogon@gmail.com,987654321,Wed Sep 27 2017 17:39:17 GMT+0700 (WIB)
,undefined,undefined,undefined,undefined,undefined
201,gogon,asdf,gogon@gmail.com,987654321,Wed Sep 27 2017 17:39:17 GMT+0700 (WIB)
,undefined,undefined,undefined,undefined,undefined
201,gogon,asdf,gogon@gmail.com,987654321,Wed Sep 27 2017 17:39:17 GMT+0700 (WIB)
,undefined,undefined,undefined,undefined,undefined
201,gogon,asdf,gogon@gmail.com,987654321,Wed Sep 27 2017 17:39:17 GMT+0700 (WIB)
,undefined,undefined,undefined,undefined,undefined
201,gogon,asdf,gogon@gmail.com,987654321,Wed Sep 27 2017 17:39:18 GMT+0700 (WIB)
,undefined,undefined,undefined,undefined,undefined
201,gogon,asdf,gogon@gmail.com,987654321,Wed Sep 27 2017 17:39:18 GMT+0700 (WIB)
,undefined,undefined,undefined,undefined,undefined
201,gogon,asdf,gogon@gmail.com,987654321,Wed Sep 27 2017 17:39:18 GMT+0700 (WIB)
,undefined,undefined,undefined,undefined,undefined
201,gogon,asdf,gogon@gmail.com,987654321,Wed Sep 27 2017 17:39:18 GMT+0700 (WIB)
,undefined,undefined,undefined,undefined,undefined
201,gogon,asdf,gogon@gmail.com,987654321,Wed Sep 27 2017 17:39:18 GMT+0700 (WIB)
,undefined,undefined,undefined,undefined,undefined
201,gogon,asdf,gogon@gmail.com,987654321,Wed Sep 27 2017 17:39:18 GMT+0700 (WIB)
,undefined,undefined,undefined,undefined,undefined
201,gogon,asdf,gogon@gmail.com,987654321,Wed Sep 27 2017 17:39:18 GMT+0700 (WIB)
,undefined,undefined,undefined,undefined,undefined
201,gogon,asdf,gogon@gmail.com,987654321,Wed Sep 27 2017 17:39:18 GMT+0700 (WIB)
,undefined,undefined,undefined,undefined,undefined
201,gogon,asdf,gogon@gmail.com,987654321,Wed Sep 27 2017 17:39:18 GMT+0700 (WIB)
,undefined,undefined,undefined,undefined,undefined
201,gogon,asdf,gogon@gmail.com,987654321,Wed Sep 27 2017 17:39:18 GMT+0700 (WIB)
,undefined,undefined,undefined,undefined,undefined
201,gogon,asdf,gogon@gmail.com,987654321,Wed Sep 27 2017 17:39:19 GMT+0700 (WIB)
,undefined,undefined,undefined,undefined,undefined
201,gogon,asdf,gogon@gmail.com,987654321,Wed Sep 27 2017 17:39:19 GMT+0700 (WIB)
,undefined,undefined,undefined,undefined,undefined
201,gogon,asdf,gogon@gmail.com,987654321,Wed Sep 27 2017 17:39:19 GMT+0700 (WIB)
,undefined,undefined,undefined,undefined,undefined
201,gogon,asdf,gogon@gmail.com,987654321,Wed Sep 27 2017 17:39:19 GMT+0700 (WIB)
,undefined,undefined,undefined,undefined,undefined
201,gogon,asdf,gogon@gmail.com,987654321,Wed Sep 27 2017 17:39:19 GMT+0700 (WIB)
,undefined,undefined,undefined,undefined,undefined
201,gogon,asdf,gogon@gmail.com,987654321,Wed Sep 27 2017 17:39:19 GMT+0700 (WIB)
,undefined,undefined,undefined,undefined,undefined
201,gogon,asdf,gogon@gmail.com,987654321,Wed Sep 27 2017 17:39:19 GMT+0700 (WIB)
,undefined,undefined,undefined,undefined,undefined
201,gogon,asdf,gogon@gmail.com,987654321,Wed Sep 27 2017 17:39:20 GMT+0700 (WIB)
,undefined,undefined,undefined,undefined,undefined
201,gogon,asdf,gogon@gmail.com,987654321,Wed Sep 27 2017 17:39:37 GMT+0700 (WIB)
,undefined,undefined,undefined,undefined,undefined
201,gogon,asdf,gogon@gmail.com,987654321,Wed Sep 27 2017 17:39:37 GMT+0700 (WIB)
,undefined,undefined,undefined,undefined,undefined
201,gogon,asdf,gogon@gmail.com,987654321,Wed Sep 27 2017 17:39:37 GMT+0700 (WIB)
,undefined,undefined,undefined,undefined,undefined
201,gogon,asdf,gogon@gmail.com,987654321,Wed Sep 27 2017 17:39:37 GMT+0700 (WIB)
,undefined,undefined,undefined,undefined,undefined
201,gogon,asdf,gogon@gmail.com,987654321,Wed Sep 27 2017 17:39:37 GMT+0700 (WIB)
,undefined,undefined,undefined,undefined,undefined
201,gogon,asdf,gogon@gmail.com,987654321,Wed Sep 27 2017 17:39:38 GMT+0700 (WIB)
,undefined,undefined,undefined,undefined,undefined
201,gogon,asdf,gogon@gmail.com,987654321,Wed Sep 27 2017 17:39:38 GMT+0700 (WIB)
,undefined,undefined,undefined,undefined,undefined
201,gogon,asdf,gogon@gmail.com,987654321,Wed Sep 27 2017 17:39:38 GMT+0700 (WIB)
,undefined,undefined,undefined,undefined,undefined
201,gogon,asdf,gogon@gmail.com,987654321,Wed Sep 27 2017 17:39:38 GMT+0700 (WIB)
,undefined,undefined,undefined,undefined,undefined
201,gogon,asdf,gogon@gmail.com,987654321,Wed Sep 27 2017 17:39:38 GMT+0700 (WIB)
,undefined,undefined,undefined,undefined,undefined
201,gogon,asdf,gogon@gmail.com,987654321,Wed Sep 27 2017 17:39:38 GMT+0700 (WIB)
,undefined,undefined,undefined,undefined,undefined
201,gogon,asdf,gogon@gmail.com,987654321,Wed Sep 27 2017 17:39:38 GMT+0700 (WIB)
,undefined,undefined,undefined,undefined,undefined
201,gogon,asdf,gogon@gmail.com,987654321,Wed Sep 27 2017 17:39:38 GMT+0700 (WIB)
,undefined,undefined,undefined,undefined,undefined
201,gogon,asdf,gogon@gmail.com,987654321,Wed Sep 27 2017 17:39:38 GMT+0700 (WIB)
,undefined,undefined,undefined,undefined,undefined
201,gogon,asdf,gogon@gmail.com,987654321,Wed Sep 27 2017 17:39:38 GMT+0700 (WIB)
,undefined,undefined,undefined,undefined,undefined
201,gogon,asdf,gogon@gmail.com,987654321,Wed Sep 27 2017 17:39:39 GMT+0700 (WIB)
,undefined,undefined,undefined,undefined,undefined
201,gogon,asdf,gogon@gmail.com,987654321,Wed Sep 27 2017 17:39:39 GMT+0700 (WIB)
,undefined,undefined,undefined,undefined,undefined
201,gogon,asdf,gogon@gmail.com,987654321,Wed Sep 27 2017 17:39:39 GMT+0700 (WIB)
,undefined,undefined,undefined,undefined,undefined
201,gogon,asdf,gogon@gmail.com,987654321,Wed Sep 27 2017 17:39:39 GMT+0700 (WIB)
,undefined,undefined,undefined,undefined,undefined
201,gogon,asdf,gogon@gmail.com,987654321,Wed Sep 27 2017 17:39:39 GMT+0700 (WIB)
,undefined,undefined,undefined,undefined,undefined
201,gogon,asdf,gogon@gmail.com,987654321,Wed Sep 27 2017 17:39:39 GMT+0700 (WIB)
,undefined,undefined,undefined,undefined,undefined
201,gogon,asdf,gogon@gmail.com,987654321,Wed Sep 27 2017 17:39:39 GMT+0700 (WIB)
,undefined,undefined,undefined,undefined,undefined
201,gogon,asdf,gogon@gmail.com,987654321,Wed Sep 27 2017 17:39:39 GMT+0700 (WIB)
,undefined,undefined,undefined,undefined,undefined
201,gogon,asdf,gogon@gmail.com,987654321,Wed Sep 27 2017 17:40:01 GMT+0700 (WIB)
